r,c,prob,yhat_raw,yhat_clustered
516,832,0.47808879698220846,1,0
346,689,0.4694604910086562,1,0
221,531,0.24835516940242627,0,0
539,1151,0.24835516940242627,0,0
681,1058,0.22082492003686105,0,0
221,631,0.2582129682261909,1,0
112,335,0.2261215302063526,0,0
167,572,0.19084154091162786,0,0
319,550,0.47808879698220846,1,0
431,783,0.586845606287338,1,0
127,509,0.2582129682261909,1,0
669,1017,0.23695419144575827,0,0
123,393,0.23695419144575827,0,0
123,384,0.2582129682261909,1,0
203,558,0.24835516940242627,0,0
357,717,0.47808879698220846,1,0
183,405,0.23695419144575827,0,0
374,735,0.48225914541021514,1,0
181,527,0.4221270676437861,1,0
687,960,0.22082492003686105,0,0
788,1061,0.47808879698220846,1,0
695,1075,0.274823048902166,1,0
154,646,0.23695419144575827,0,0
152,503,0.23695419144575827,0,0
334,724,0.47808879698220846,1,0
725,1018,0.3174890496141043,1,0
303,655,0.4694604910086562,1,0
714,953,0.274823048902166,1,0
592,1034,0.2582129682261909,1,0
637,1012,0.23695419144575827,0,0
606,1064,0.23695419144575827,0,0
648,1093,0.24835516940242627,0,0
238,654,0.3233538991083562,1,0
195,596,0.3074087150092275,1,0
562,1002,0.23806783768652315,0,0
621,1124,0.47808879698220846,1,0
596,875,0.40895403826681276,1,0
164,532,0.2582129682261909,1,0
125,510,0.304549147541327,1,0
686,1060,0.22082492003686105,0,0
722,989,0.304549147541327,1,0
84,671,0.22082492003686105,0,0
94,702,0.2582129682261909,1,0
238,646,0.3233538991083562,1,0
613,869,0.6591463414634147,1,0
292,766,0.47808879698220846,1,0
346,702,0.47808879698220846,1,0
552,923,0.2582129682261909,1,0
267,641,0.274823048902166,1,0
178,374,0.23695419144575827,0,0
115,480,0.24835516940242627,0,0
221,668,0.3233538991083562,1,0
148,517,0.23695419144575827,0,0
478,853,0.48225914541021514,1,0
694,963,0.1725089823262576,0,0
676,1102,0.40895403826681276,1,0
315,713,0.47808879698220846,1,0
282,712,0.40895403826681276,1,0
790,1041,0.40895403826681276,1,0
189,579,0.23695419144575827,0,0
603,926,0.304549147541327,1,0
602,1033,0.2582129682261909,1,0
631,1030,0.23695419144575827,0,0
733,1060,0.47808879698220846,1,0
650,912,0.24835516940242627,0,0
266,676,0.3568055862917513,1,0
727,999,0.2780401076240432,1,0
223,628,0.2985589897269709,1,0
284,633,0.304549147541327,1,0
709,1085,0.47808879698220846,1,0
226,557,0.3233538991083562,1,0
150,531,0.23806783768652315,0,0
667,1035,0.23695419144575827,0,0
522,873,0.47808879698220846,1,0
316,587,0.4694604910086562,1,0
438,788,0.586845606287338,1,0
803,1063,0.47808879698220846,1,0
525,825,0.47808879698220846,1,0
218,553,0.23695419144575827,0,0
572,961,0.24835516940242627,0,0
576,992,0.23695419144575827,0,0
566,876,0.4694604910086562,1,0
547,827,0.586845606287338,1,0
611,1072,0.23695419144575827,0,0
199,405,0.23695419144575827,0,0
531,1125,0.2582129682261909,1,0
626,983,0.2261215302063526,0,0
85,396,0.24835516940242627,0,0
70,361,0.23695419144575827,0,0
647,1122,0.48225914541021514,1,0
582,1130,0.2582129682261909,1,0
562,1140,0.2582129682261909,1,0
629,953,0.23695419144575827,0,0
726,1110,0.586845606287338,1,0
160,497,0.23695419144575827,0,0
103,702,0.2582129682261909,1,0
673,1060,0.22082492003686105,0,0
126,429,0.24835516940242627,0,0
352,729,0.47808879698220846,1,0
198,494,0.2582129682261909,1,0
402,753,0.6591463414634147,1,0
581,862,0.47808879698220846,1,0
356,587,0.47808879698220846,1,0
282,557,0.47808879698220846,1,0
518,822,0.47808879698220846,1,0
168,432,0.23695419144575827,0,0
197,615,0.274823048902166,1,0
685,939,0.2582129682261909,1,0
139,530,0.23695419144575827,0,0
333,612,0.40895403826681276,1,0
704,954,0.23695419144575827,0,0
548,823,0.6144684291185698,1,0
728,992,0.304549147541327,1,0
131,435,0.2261215302063526,0,0
181,415,0.24835516940242627,0,0
121,641,0.22030965886631354,0,0
557,1155,0.2582129682261909,1,0
102,433,0.19084154091162786,0,0
116,686,0.304549147541327,1,0
631,1133,0.4694604910086562,1,0
516,855,0.47808879698220846,1,0
708,1099,0.4694604910086562,1,0
620,969,0.22082492003686105,0,0
216,423,0.586845606287338,1,0
66,346,0.24835516940242627,0,0
358,585,0.5768774200836244,1,0
712,947,0.2582129682261909,1,0
453,783,0.6623514696685427,1,0
554,987,0.24835516940242627,0,0
602,1043,0.24835516940242627,0,0
164,542,0.23695419144575827,0,0
211,374,0.24835516940242627,0,0
663,909,0.24835516940242627,0,0
533,1081,0.2582129682261909,1,0
174,358,0.24835516940242627,0,0
667,1098,0.23806783768652315,0,0
799,1075,0.586845606287338,1,0
286,649,0.304549147541327,1,0
530,828,0.47808879698220846,1,0
343,708,0.47808879698220846,1,0
251,633,0.304549147541327,1,0
196,578,0.23695419144575827,0,0
591,985,0.23695419144575827,0,0
97,680,0.274823048902166,1,0
768,1017,0.274823048902166,1,0
591,1025,0.2582129682261909,1,0
306,614,0.4694604910086562,1,0
604,1006,0.24835516940242627,0,0
148,464,0.23695419144575827,0,0
230,691,0.4684188243419896,1,0
695,917,0.3233538991083562,1,0
559,837,0.586845606287338,1,0
660,1019,0.23695419144575827,0,0
513,794,0.586845606287338,1,0
551,934,0.24835516940242627,0,0
697,942,0.24835516940242627,0,0
301,578,0.4089318905266205,1,0
296,566,0.304549147541327,1,0
254,545,0.3233538991083562,1,0
742,965,0.24835516940242627,0,0
764,1048,0.47808879698220846,1,0
731,1060,0.4684188243419896,1,0
689,1040,0.22082492003686105,0,0
219,658,0.274823048902166,1,0
287,627,0.3233538991083562,1,0
764,1103,0.42767594374315887,1,0
736,1041,0.274823048902166,1,0
264,607,0.2985589897269709,1,0
140,355,0.304549147541327,1,0
165,433,0.2261215302063526,0,0
249,652,0.40895403826681276,1,0
679,929,0.3233538991083562,1,0
634,1025,0.23695419144575827,0,0
774,1001,0.47808879698220846,1,0
250,647,0.274823048902166,1,0
135,434,0.2261215302063526,0,0
126,511,0.2582129682261909,1,0
705,1011,0.1725089823262576,0,0
509,809,0.47453741124491594,1,0
220,658,0.2582129682261909,1,0
580,911,0.2582129682261909,1,0
175,558,0.22082492003686105,0,0
668,931,0.23695419144575827,0,0
540,846,0.47808879698220846,1,0
586,1122,0.2582129682261909,1,0
591,1060,0.24835516940242627,0,0
162,631,0.24835516940242627,0,0
713,973,0.2261215302063526,0,0
520,823,0.47808879698220846,1,0
152,381,0.3233538991083562,1,0
808,1080,0.586845606287338,1,0
624,880,0.4684188243419896,1,0
665,1113,0.2582129682261909,1,0
158,528,0.304549147541327,1,0
275,691,0.4684188243419896,1,0
652,906,0.2582129682261909,1,0
149,386,0.2985589897269709,1,0
527,900,0.3233538991083562,1,0
156,386,0.304549147541327,1,0
579,926,0.2582129682261909,1,0
114,462,0.1725089823262576,0,0
656,1022,0.23695419144575827,0,0
180,425,0.23806783768652315,0,0
408,710,0.586845606287338,1,0
742,1105,0.48043520707997905,1,0
372,749,0.586845606287338,1,0
234,529,0.24835516940242627,0,0
607,1106,0.2582129682261909,1,0
164,410,0.23695419144575827,0,0
113,377,0.2582129682261909,1,0
409,745,0.586845606287338,1,0
709,984,0.23695419144575827,0,0
657,1029,0.2261215302063526,0,0
582,965,0.23695419144575827,0,0
146,460,0.23695419144575827,0,0
183,497,0.23695419144575827,0,0
578,915,0.2582129682261909,1,0
232,383,0.24835516940242627,0,0
138,536,0.23695419144575827,0,0
113,391,0.24835516940242627,0,0
109,328,0.23695419144575827,0,0
447,755,0.586845606287338,1,0
447,807,0.6591463414634147,1,0
123,491,0.2582129682261909,1,0
782,1079,0.47808879698220846,1,0
559,1066,0.24835516940242627,0,0
496,871,0.47808879698220846,1,0
87,682,0.2582129682261909,1,0
92,398,0.274823048902166,1,0
356,762,0.47808879698220846,1,0
633,1019,0.23695419144575827,0,0
429,738,0.586845606287338,1,0
550,1127,0.24835516940242627,0,0
271,689,0.4684188243419896,1,0
152,544,0.2582129682261909,1,0
137,399,0.24835516940242627,0,0
611,994,0.23695419144575827,0,0
772,1068,0.304549147541327,1,0
528,911,0.43050332469553987,1,0
712,963,0.23695419144575827,0,0
633,1007,0.23695419144575827,0,0
667,1054,0.23695419144575827,0,0
554,942,0.2582129682261909,1,0
602,965,0.23695419144575827,0,0
312,733,0.47808879698220846,1,0
746,1056,0.47808879698220846,1,0
706,1054,0.2261215302063526,0,0
579,938,0.24835516940242627,0,0
146,501,0.2261215302063526,0,0
76,319,0.24835516940242627,0,0
107,440,0.24835516940242627,0,0
592,1000,0.23695419144575827,0,0
286,603,0.304549147541327,1,0
555,964,0.24835516940242627,0,0
516,928,0.3233538991083562,1,0
500,882,0.47808879698220846,1,0
366,704,0.47808879698220846,1,0
702,1074,0.2582129682261909,1,0
602,1107,0.2582129682261909,1,0
677,910,0.2582129682261909,1,0
282,705,0.42767594374315887,1,0
417,782,0.586845606287338,1,0
206,582,0.3233538991083562,1,0
719,917,0.586845606287338,1,0
829,1068,0.586845606287338,1,0
278,663,0.274823048902166,1,0
605,919,0.40895403826681276,1,0
558,1059,0.24835516940242627,0,0
690,955,0.24835516940242627,0,0
617,879,0.42767594374315887,1,0
184,663,0.23695419144575827,0,0
619,959,0.23695419144575827,0,0
119,410,0.19084154091162786,0,0
531,1039,0.2816575812762667,1,0
124,422,0.24835516940242627,0,0
670,938,0.23733558077653857,0,0
369,708,0.586845606287338,1,0
717,1011,0.23695419144575827,0,0
137,445,0.2261215302063526,0,0
133,667,0.23695419144575827,0,0
695,913,0.304549147541327,1,0
181,583,0.22082492003686105,0,0
484,818,0.6182372505543237,1,0
583,960,0.23806783768652315,0,0
597,1097,0.2582129682261909,1,0
241,528,0.40895403826681276,1,0
343,696,0.47808879698220846,1,0
516,930,0.4221270676437861,1,0
578,1007,0.24835516940242627,0,0
547,1123,0.24835516940242627,0,0
62,354,0.23695419144575827,0,0
155,429,0.2261215302063526,0,0
488,869,0.47808879698220846,1,0
657,975,0.23695419144575827,0,0
817,1085,0.586845606287338,1,0
264,682,0.47808879698220846,1,0
677,1028,0.22082492003686105,0,0
631,1080,0.23695419144575827,0,0
687,1081,0.2582129682261909,1,0
495,796,0.47808879698220846,1,0
385,742,0.6591463414634147,1,0
282,623,0.3174890496141043,1,0
689,990,0.22149221798982802,0,0
716,978,0.23695419144575827,0,0
174,461,0.4694604910086562,1,1
174,462,0.3701134803561724,1,1
174,463,0.3701134803561724,1,1
174,464,0.274823048902166,1,1
174,465,0.304549147541327,1,1
174,466,0.304549147541327,1,1
174,467,0.304549147541327,1,1
174,468,0.2582129682261909,1,1
174,470,0.2582129682261909,1,0
175,459,0.4684188243419896,1,1
175,460,0.4694604910086562,1,1
175,461,0.4694604910086562,1,1
175,462,0.4694604910086562,1,1
175,463,0.4694604910086562,1,1
175,464,0.274823048902166,1,1
174,460,0.4684188243419896,1,1
175,465,0.304549147541327,1,1
174,459,0.3174890496141043,1,1
174,457,0.3233538991083562,1,1
172,468,0.23695419144575827,0,0
173,455,0.2582129682261909,1,1
173,456,0.3233538991083562,1,1
173,457,0.3233538991083562,1,1
173,458,0.304549147541327,1,1
173,459,0.304549147541327,1,1
173,460,0.2582129682261909,1,1
173,461,0.2582129682261909,1,1
173,462,0.2582129682261909,1,1
173,463,0.2582129682261909,1,1
173,464,0.2582129682261909,1,1
173,465,0.2582129682261909,1,1
173,466,0.2582129682261909,1,1
174,455,0.4089318905266205,1,1
174,456,0.3233538991083562,1,1
174,458,0.3174890496141043,1,1
172,466,0.2582129682261909,1,1
175,466,0.304549147541327,1,1
175,468,0.2985589897269709,1,1
178,464,0.4684188243419896,1,1
178,465,0.4684188243419896,1,1
178,466,0.4694604910086562,1,1
178,467,0.4694604910086562,1,1
178,468,0.3233538991083562,1,1
178,469,0.4089318905266205,1,1
178,470,0.4089318905266205,1,1
178,471,0.4089318905266205,1,1
178,472,0.4089318905266205,1,1
179,468,0.43050332469553987,1,1
179,470,0.40895403826681276,1,1
179,472,0.40895403826681276,1,1
181,467,0.4684188243419896,1,0
181,468,0.42767594374315887,1,0
181,469,0.4221270676437861,1,0
178,463,0.47808879698220846,1,1
175,467,0.2985589897269709,1,1
177,470,0.4089318905266205,1,1
177,468,0.40895403826681276,1,1
176,459,0.47808879698220846,1,1
176,460,0.47808879698220846,1,1
176,461,0.47808879698220846,1,1
176,462,0.47808879698220846,1,1
176,463,0.47808879698220846,1,1
176,464,0.4684188243419896,1,1
176,465,0.40895403826681276,1,1
176,466,0.3233538991083562,1,1
176,467,0.274823048902166,1,1
176,468,0.2985589897269709,1,1
176,470,0.2985589897269709,1,1
177,464,0.43050332469553987,1,1
177,465,0.4684188243419896,1,1
177,466,0.4694604910086562,1,1
177,467,0.3701134803561724,1,1
177,469,0.4089318905266205,1,1
181,470,0.4694604910086562,1,0
172,465,0.2582129682261909,1,1
172,463,0.2582129682261909,1,1
169,452,0.23695419144575827,0,0
169,453,0.23695419144575827,0,0
169,454,0.23695419144575827,0,0
169,455,0.23695419144575827,0,0
169,456,0.23695419144575827,0,0
169,457,0.23695419144575827,0,0
169,458,0.23695419144575827,0,0
169,459,0.23695419144575827,0,0
169,460,0.23695419144575827,0,0
169,461,0.23695419144575827,0,0
169,462,0.23695419144575827,0,0
169,463,0.23695419144575827,0,0
169,464,0.23695419144575827,0,0
169,465,0.23695419144575827,0,0
169,466,0.23695419144575827,0,0
169,451,0.23695419144575827,0,0
169,493,0.23695419144575827,0,0
169,449,0.23695419144575827,0,0
167,457,0.23695419144575827,0,0
462,770,0.6591463414634147,1,0
87,308,0.274823048902166,1,0
101,313,0.3701134803561724,1,0
102,313,0.304549147541327,1,0
109,315,0.3568055862917513,1,0
111,317,0.3568055862917513,1,0
164,493,0.23695419144575827,0,0
164,494,0.23695419144575827,0,0
165,493,0.23695419144575827,0,0
165,494,0.23695419144575827,0,0
166,494,0.23695419144575827,0,0
167,451,0.23695419144575827,0,0
167,453,0.23695419144575827,0,0
167,454,0.23695419144575827,0,0
167,456,0.23695419144575827,0,0
167,460,0.23695419144575827,0,0
172,464,0.2582129682261909,1,1
170,449,0.23695419144575827,0,0
170,452,0.23695419144575827,0,0
171,466,0.23695419144575827,0,0
171,488,0.23695419144575827,0,0
172,449,0.2582129682261909,1,0
172,451,0.2582129682261909,1,1
172,452,0.2582129682261909,1,1
172,453,0.2582129682261909,1,1
172,454,0.2582129682261909,1,1
172,455,0.2582129682261909,1,1
172,456,0.2582129682261909,1,1
172,457,0.2582129682261909,1,1
172,458,0.2582129682261909,1,1
172,459,0.24835516940242627,0,0
172,460,0.24835516940242627,0,0
172,461,0.2582129682261909,1,1
172,462,0.2582129682261909,1,1
171,465,0.23695419144575827,0,0
170,451,0.23695419144575827,0,0
171,464,0.23695419144575827,0,0
171,461,0.23695419144575827,0,0
170,453,0.23695419144575827,0,0
170,454,0.23695419144575827,0,0
170,455,0.23695419144575827,0,0
170,456,0.23695419144575827,0,0
170,458,0.23695419144575827,0,0
170,468,0.23695419144575827,0,0
171,451,0.23695419144575827,0,0
171,453,0.23695419144575827,0,0
171,454,0.23695419144575827,0,0
171,455,0.23695419144575827,0,0
171,456,0.23695419144575827,0,0
171,457,0.23695419144575827,0,0
171,458,0.23695419144575827,0,0
171,459,0.23695419144575827,0,0
171,460,0.23695419144575827,0,0
171,462,0.23695419144575827,0,0
683,962,0.19084154091162786,0,0
181,471,0.4694604910086562,1,0
182,478,0.47808879698220846,1,0
223,376,0.2582129682261909,1,0
544,1077,0.24835516940242627,0,0
552,877,0.4694604910086562,1,0
89,339,0.24835516940242627,0,0
691,941,0.2582129682261909,1,0
103,655,0.23695419144575827,0,0
655,875,0.47808879698220846,1,0
483,857,0.47808879698220846,1,0
605,1111,0.304549147541327,1,0
233,519,0.47808879698220846,1,0
293,679,0.4694604910086562,1,0
67,312,0.2582129682261909,1,0
542,1168,0.24835516940242627,0,0
213,587,0.3233538991083562,1,0
66,366,0.23695419144575827,0,0
309,571,0.4684188243419896,1,0
275,628,0.304549147541327,1,0
119,344,0.2261215302063526,0,0
214,517,0.2582129682261909,1,0
430,752,0.586845606287338,1,0
173,423,0.23695419144575827,0,0
513,796,0.586845606287338,1,0
203,635,0.2582129682261909,1,0
340,747,0.4694604910086562,1,0
672,895,0.4694604910086562,1,0
179,482,0.2582129682261909,1,0
160,454,0.23695419144575827,0,0
721,1009,0.2582129682261909,1,0
673,1101,0.304549147541327,1,0
649,1036,0.23695419144575827,0,0
299,709,0.47808879698220846,1,0
171,534,0.23695419144575827,0,0
742,1025,0.2582129682261909,1,0
728,934,0.47808879698220846,1,0
167,419,0.23695419144575827,0,0
202,447,0.586845606287338,1,0
537,893,0.47808879698220846,1,0
602,902,0.2985589897269709,1,0
120,472,0.22082492003686105,0,0
306,739,0.47808879698220846,1,0
330,715,0.47808879698220846,1,0
310,581,0.4694604910086562,1,0
195,512,0.2582129682261909,1,0
738,1049,0.4684188243419896,1,0
563,1159,0.24835516940242627,0,0
609,1029,0.2582129682261909,1,0
211,572,0.3233538991083562,1,0
390,736,0.586845606287338,1,0
160,449,0.23695419144575827,0,0
550,1136,0.24835516940242627,0,0
557,829,0.6182372505543237,1,0
732,1090,0.4694604910086562,1,0
221,556,0.2582129682261909,1,0
165,652,0.24835516940242627,0,0
258,658,0.40895403826681276,1,0
202,723,0.4089318905266205,1,0
59,336,0.304549147541327,1,0
177,656,0.2543848540035395,0,0
221,514,0.2582129682261909,1,0
776,980,0.40895403826681276,1,0
547,1147,0.24835516940242627,0,0
603,1050,0.24835516940242627,0,0
127,718,0.3233538991083562,1,0
733,1112,0.586845606287338,1,0
168,651,0.24835516940242627,0,0
175,506,0.23695419144575827,0,0
356,582,0.47808879698220846,1,0
107,485,0.24835516940242627,0,0
761,975,0.2582129682261909,1,0
759,1009,0.304549147541327,1,0
649,907,0.24835516940242627,0,0
626,1072,0.23695419144575827,0,0
107,711,0.3174890496141043,1,0
181,472,0.4694604910086562,1,0
571,841,0.6182372505543237,1,0
168,546,0.19084154091162786,0,0
274,650,0.2582129682261909,1,0
275,650,0.2985589897269709,1,0
275,652,0.304549147541327,1,0
275,653,0.3233538991083562,1,0
276,653,0.3233538991083562,1,0
278,583,0.2985589897269709,1,0
282,575,0.40895403826681276,1,0
282,578,0.2985589897269709,1,0
284,572,0.47808879698220846,1,0
284,575,0.3233538991083562,1,0
285,575,0.40895403826681276,1,0
286,568,0.4694604910086562,1,0
286,570,0.47808879698220846,1,0
286,571,0.47808879698220846,1,0
287,568,0.4694604910086562,1,0
273,653,0.3233538991083562,1,0
287,570,0.47808879698220846,1,0
273,651,0.304549147541327,1,0
272,652,0.2582129682261909,1,0
237,365,0.43050332469553987,1,0
237,366,0.32424042393105124,1,0
239,370,0.3174890496141043,1,0
262,554,0.47808879698220846,1,0
265,603,0.2985589897269709,1,0
266,606,0.304549147541327,1,0
266,608,0.2985589897269709,1,0
268,603,0.304549147541327,1,0
268,604,0.304549147541327,1,0
270,651,0.2985589897269709,1,0
271,588,0.304549147541327,1,0
272,590,0.304549147541327,1,0
272,591,0.304549147541327,1,0
272,650,0.2582129682261909,1,0
272,651,0.304549147541327,1,0
273,650,0.2582129682261909,1,0
286,585,0.3174890496141043,1,0
287,571,0.47808879698220846,1,0
287,653,0.31148943067663715,1,0
251,653,0.4089318905266205,1,0
797,1091,0.48225914541021514,1,0
593,989,0.23695419144575827,0,0
85,337,0.24835516940242627,0,0
565,1077,0.24835516940242627,0,0
775,947,0.47808879698220846,1,0
396,754,0.586845606287338,1,0
473,867,0.586845606287338,1,0
160,375,0.2582129682261909,1,0
684,1025,0.1725089823262576,0,0
368,746,0.586845606287338,1,0
313,743,0.47808879698220846,1,0
140,645,0.2261215302063526,0,0
477,876,0.586845606287338,1,0
546,1140,0.24835516940242627,0,0
183,395,0.23695419144575827,0,0
287,574,0.3233538991083562,1,0
306,695,0.47808879698220846,1,0
530,871,0.47808879698220846,1,0
289,648,0.40895403826681276,1,0
290,567,0.4089318905266205,1,0
291,567,0.3233538991083562,1,0
291,650,0.4694604910086562,1,0
291,653,0.4694604910086562,1,0
295,655,0.47808879698220846,1,0
296,652,0.47808879698220846,1,0
333,682,0.3233538991083562,1,0
334,682,0.3233538991083562,1,0
341,684,0.47808879698220846,1,0
343,684,0.43050332469553987,1,0
458,759,1.0,1,0
464,767,0.9307224474687154,1,0
322,681,0.40895403826681276,1,0
337,607,0.4323479214960622,1,0
202,589,0.3233538991083562,1,0
548,1070,0.24835516940242627,0,0
