lake,date,chl_mean,ndvi_mean,ndwi_g_mean,ndwi_s_mean,r_pix_ndvi_pearson,r_pix_ndvi_spearman,r_pix_ndwi_g_pearson,r_pix_ndwi_g_spearman,r_pix_ndwi_s_pearson,r_pix_ndwi_s_spearman,l2a_path,chl_path
Amatitlán,2025-01-08,1.4011256694793701,-0.030003393068909645,0.1357603818178177,0.13726241886615753,-0.24366028606891632,-0.2095873423845594,0.4753611087799072,0.5287622110022164,-0.603591799736023,-0.6235846637095949,descargas_amatitlan\openEO_2025-01-08Z.tif,ciano_outputs\descargas_amatitlan\openEO_2025-01-08Z_chl.tif
Amatitlán,2025-01-13,24.04569435119629,0.4059758484363556,-0.13395258784294128,0.5768910646438599,0.6798271536827087,0.3534721948345235,-0.640661358833313,-0.353182900056288,0.6277286410331726,0.1746025484277749,descargas_amatitlan\openEO_2025-01-13Z.tif,ciano_outputs\descargas_amatitlan\openEO_2025-01-13Z_chl.tif
Amatitlán,2025-01-18,16.708303451538086,0.38565880060195923,-0.11647731810808182,0.5414716601371765,0.7081766128540039,0.5283596492015191,-0.643439531326294,-0.4728624644698291,0.6240113377571106,0.26788045329138555,descargas_amatitlan\openEO_2025-01-18Z.tif,ciano_outputs\descargas_amatitlan\openEO_2025-01-18Z_chl.tif
Amatitlán,2025-01-28,1.7660430669784546,-0.06696337461471558,0.32909804582595825,-0.001530523062683642,-0.717988133430481,-0.601844440563991,0.6407433152198792,0.6743558189451947,-0.6938624382019043,-0.7613694730026391,descargas_amatitlan\openEO_2025-01-28Z.tif,ciano_outputs\descargas_amatitlan\openEO_2025-01-28Z_chl.tif
Amatitlán,2025-02-02,3.249406576156616,0.011176973581314087,0.12641532719135284,0.16566194593906403,-0.03832129389047623,-0.07336373939262422,0.4163638651371002,0.4492808598035755,-0.38643571734428406,-0.43008954268115873,descargas_amatitlan\openEO_2025-02-02Z.tif,ciano_outputs\descargas_amatitlan\openEO_2025-02-02Z_chl.tif
Amatitlán,2025-02-07,2.699183225631714,0.066957987844944,0.11599884927272797,0.19113802909851074,0.5636494159698486,0.4047164248653139,-0.3632853329181671,-0.20235821243265695,0.43816277384757996,0.2879978654758292,descargas_amatitlan\openEO_2025-02-07Z.tif,ciano_outputs\descargas_amatitlan\openEO_2025-02-07Z_chl.tif
Amatitlán,2025-02-12,20.326637268066406,0.25092819333076477,-0.022843578830361366,0.5394729971885681,0.7543825507164001,0.6691203017089026,-0.5255149006843567,-0.2523894330839068,0.81072598695755,0.8554480233321259,descargas_amatitlan\openEO_2025-02-12Z.tif,ciano_outputs\descargas_amatitlan\openEO_2025-02-12Z_chl.tif
Amatitlán,2025-02-22,4.5253753662109375,0.012590835802257061,0.18050475418567657,0.14072050154209137,-0.05368218570947647,-0.17001166592399478,0.23912270367145538,0.38535377222790956,-0.16979297995567322,-0.32844294738847124,descargas_amatitlan\openEO_2025-02-22Z.tif,ciano_outputs\descargas_amatitlan\openEO_2025-02-22Z_chl.tif
Amatitlán,2025-02-27,12.948698997497559,0.21592983603477478,0.02358391135931015,0.6195528507232666,0.8364558219909668,0.827747339815737,-0.6522960662841797,-0.5513967037856004,0.7868008613586426,0.8638548362530653,descargas_amatitlan\openEO_2025-02-27Z.tif,ciano_outputs\descargas_amatitlan\openEO_2025-02-27Z_chl.tif
Amatitlán,2025-03-04,33.30491256713867,0.34977132081985474,-0.051007214933633804,0.707472562789917,0.8573967218399048,0.828883608197713,-0.7472566962242126,-0.6950690067216239,0.7230006456375122,0.7462596248614481,descargas_amatitlan\openEO_2025-03-04Z.tif,ciano_outputs\descargas_amatitlan\openEO_2025-03-04Z_chl.tif
Amatitlán,2025-03-09,8.908927917480469,0.19661246240139008,0.006931468844413757,0.434883713722229,0.732631504535675,0.5158165449372224,-0.6334217190742493,-0.2470368632040976,0.6968782544136047,0.6402635806039332,descargas_amatitlan\openEO_2025-03-09Z.tif,ciano_outputs\descargas_amatitlan\openEO_2025-03-09Z_chl.tif
Amatitlán,2025-03-14,9.341779708862305,0.13586826622486115,0.0652238205075264,0.4208274185657501,0.6572074294090271,0.507013717441716,-0.40964072942733765,-0.0317578397272505,0.7204670310020447,0.7273044060394777,descargas_amatitlan\openEO_2025-03-14Z.tif,ciano_outputs\descargas_amatitlan\openEO_2025-03-14Z_chl.tif
Amatitlán,2025-03-19,19.305288314819336,0.4095948040485382,-0.12828600406646729,0.6360493898391724,0.8576921224594116,0.84382169359778,-0.8114156126976013,-0.8038681993200705,0.6029514670372009,0.6033623541098009,descargas_amatitlan\openEO_2025-03-19Z.tif,ciano_outputs\descargas_amatitlan\openEO_2025-03-19Z_chl.tif
Amatitlán,2025-03-24,23.689531326293945,0.36408498883247375,-0.08887172490358353,0.5883025527000427,0.9008142352104187,0.8806578705726165,-0.8730129599571228,-0.8255000633282484,0.7431793212890625,0.739848394409257,descargas_amatitlan\openEO_2025-03-24Z.tif,ciano_outputs\descargas_amatitlan\openEO_2025-03-24Z_chl.tif
Amatitlán,2025-04-03,14.78062915802002,0.22221677005290985,0.012624695897102356,0.4665425419807434,0.8306627869606018,0.8366804083548437,-0.7180671691894531,-0.6590931647102867,0.8009275197982788,0.8699388676959618,descargas_amatitlan\openEO_2025-04-03Z.tif,ciano_outputs\descargas_amatitlan\openEO_2025-04-03Z_chl.tif
Amatitlán,2025-04-08,3.368626832962036,-0.023156320676207542,0.19501154124736786,0.10786400735378265,-0.46185484528541565,-0.4595790622974125,0.6317219734191895,0.6001968867141744,-0.6726333498954773,-0.667440095807335,descargas_amatitlan\openEO_2025-04-08Z.tif,ciano_outputs\descargas_amatitlan\openEO_2025-04-08Z_chl.tif
Amatitlán,2025-04-13,5.1148576736450195,-0.029781848192214966,0.15205906331539154,0.15002503991127014,0.854709267616272,0.8612807227651613,-0.7653139233589172,-0.6308298395589541,0.8265875577926636,0.6988141252223135,descargas_amatitlan\openEO_2025-04-13Z.tif,ciano_outputs\descargas_amatitlan\openEO_2025-04-13Z_chl.tif
Amatitlán,2025-04-15,6.2015557289123535,0.011073269881308079,0.1295011192560196,0.21768657863140106,0.924223005771637,0.7710302520513015,-0.8945838809013367,-0.6285619272425897,0.9100779294967651,0.6635219964903953,descargas_amatitlan\openEO_2025-04-15Z.tif,ciano_outputs\descargas_amatitlan\openEO_2025-04-15Z_chl.tif
Amatitlán,2025-04-18,5.507599353790283,-0.016422608867287636,0.15472817420959473,0.1714925616979599,0.8490881323814392,0.8516142027357623,-0.7820069789886475,-0.6449078115032087,0.8309934735298157,0.7255700355618994,descargas_amatitlan\openEO_2025-04-18Z.tif,ciano_outputs\descargas_amatitlan\openEO_2025-04-18Z_chl.tif
Amatitlán,2025-04-28,8.497123718261719,0.07838564366102219,0.08940081298351288,0.308422327041626,0.9279429316520691,0.919169407820374,-0.8644728660583496,-0.8174420184790326,0.8973514437675476,0.88788562800462,descargas_amatitlan\openEO_2025-04-28Z.tif,ciano_outputs\descargas_amatitlan\openEO_2025-04-28Z_chl.tif
Amatitlán,2025-05-03,7.805727005004883,0.10706357657909393,0.06302925944328308,0.33125942945480347,0.8991160988807678,0.8144408851908665,-0.8752666115760803,-0.7357206143009836,0.8683308959007263,0.8411863909574844,descargas_amatitlan\openEO_2025-05-03Z.tif,ciano_outputs\descargas_amatitlan\openEO_2025-05-03Z_chl.tif
Amatitlán,2025-05-08,6.631833076477051,0.1133999302983284,0.06773173809051514,0.4931923449039459,0.7408893704414368,0.5296424293664774,-0.43770739436149597,-0.05581053724104523,0.7634356021881104,0.9026049061571241,descargas_amatitlan\openEO_2025-05-08Z.tif,ciano_outputs\descargas_amatitlan\openEO_2025-05-08Z_chl.tif
Amatitlán,2025-05-13,9.75733757019043,0.1934264749288559,0.01715863309800625,0.4560423493385315,0.7315031886100769,0.780386041248814,-0.4789920747280121,-0.4250627036677141,0.640333890914917,0.7955458705476498,descargas_amatitlan\openEO_2025-05-13Z.tif,ciano_outputs\descargas_amatitlan\openEO_2025-05-13Z_chl.tif
Amatitlán,2025-06-14,30.378589630126953,0.38377904891967773,-0.1066901907324791,0.6746271252632141,0.7943657636642456,0.7657154907407938,-0.7086656093597412,-0.681927663651686,0.7613412141799927,0.7535516852037463,descargas_amatitlan\openEO_2025-06-14Z.tif,ciano_outputs\descargas_amatitlan\openEO_2025-06-14Z_chl.tif
Amatitlán,2025-07-17,4.379523754119873,0.013502596877515316,0.14732913672924042,0.17181813716888428,-0.5963680148124695,-0.43910592259035114,0.6851442456245422,0.5993134351608901,-0.7318885922431946,-0.7306368694063864,descargas_amatitlan\openEO_2025-07-17Z.tif,ciano_outputs\descargas_amatitlan\openEO_2025-07-17Z_chl.tif
Amatitlán,2025-07-22,4.361399173736572,0.06442447751760483,0.10857713222503662,0.2135416865348816,-0.3120037913322449,-0.48000848910755084,0.5100211501121521,0.6322522663716211,-0.47607699036598206,-0.6543368515152088,descargas_amatitlan\openEO_2025-07-22Z.tif,ciano_outputs\descargas_amatitlan\openEO_2025-07-22Z_chl.tif
Amatitlán,2025-07-24,4.412871360778809,0.05164097622036934,0.13969959318637848,0.19677430391311646,-0.4506610333919525,-0.4757403808858402,0.5987968444824219,0.6375115582549402,-0.5426158905029297,-0.5197746274580841,descargas_amatitlan\openEO_2025-07-24Z.tif,ciano_outputs\descargas_amatitlan\openEO_2025-07-24Z_chl.tif
Amatitlán,2025-07-27,4.630992412567139,-0.02069423347711563,0.20358239114284515,0.13593950867652893,-0.29300636053085327,-0.34968747718398185,0.43682873249053955,0.5178271760261905,-0.3904278874397278,-0.5396349636560156,descargas_amatitlan\openEO_2025-07-27Z.tif,ciano_outputs\descargas_amatitlan\openEO_2025-07-27Z_chl.tif
Amatitlán,2025-08-01,4.300693035125732,-0.044936005026102066,0.11916296929121017,0.21813255548477173,0.6735939383506775,0.6123760617303672,-0.415408194065094,-0.3756902341002965,0.29452624917030334,0.3188441002232691,descargas_amatitlan\openEO_2025-08-01Z.tif,ciano_outputs\descargas_amatitlan\openEO_2025-08-01Z_chl.tif
Amatitlán,2025-08-13,19.696359634399414,0.38393425941467285,-0.10770732164382935,0.6057384610176086,0.7466002702713013,0.7678080021297023,-0.7002845406532288,-0.7267074887483275,0.577948808670044,0.5609917410266484,descargas_amatitlan\openEO_2025-08-13Z.tif,ciano_outputs\descargas_amatitlan\openEO_2025-08-13Z_chl.tif
Atitlán,2025-02-07,0.8216935992240906,0.18110767006874084,-0.009071936830878258,0.3836842179298401,0.19944529235363007,0.19397837529796425,-0.26385119557380676,0.0038738823797614423,0.23353886604309082,-0.14058492474808743,descargas_atitlan\openEO_2025-02-07Z.tif,ciano_outputs\descargas_atitlan_fechas\openEO_2025-02-07Z_chl.tif
Atitlán,2025-02-12,2.2313120365142822,0.16021689772605896,0.009031569585204124,0.3457071781158447,0.12089391052722931,0.0964289100254712,-0.13908728957176208,-0.13889062494243434,-0.14453086256980896,-0.18071265961323002,descargas_atitlan_fechas\openEO_2025-02-12Z.tif,ciano_outputs\descargas_atitlan_fechas\openEO_2025-02-12Z_chl.tif
Atitlán,2025-02-22,1.117788553237915,0.11053252965211868,0.056098856031894684,0.2507827579975128,0.07398775219917297,0.15272808539627422,0.24040989577770233,0.16694771860082874,-0.22725144028663635,-0.1720330462650228,descargas_atitlan_fechas\openEO_2025-02-22Z.tif,ciano_outputs\descargas_atitlan_fechas\openEO_2025-02-22Z_chl.tif
Atitlán,2025-02-27,2.7706379890441895,0.1138896718621254,-0.011909355409443378,0.33995431661605835,-0.05052114278078079,-0.036553935387899215,-0.13217145204544067,-0.14753943504326322,-0.12012556940317154,-0.1652630988601898,descargas_atitlan\openEO_2025-02-27Z.tif,ciano_outputs\descargas_atitlan_fechas\openEO_2025-02-27Z_chl.tif
Atitlán,2025-03-04,0.48486655950546265,0.1530839204788208,-0.017272520810365677,0.36358338594436646,-0.22951284050941467,-0.2055286719393964,0.054761823266744614,0.15228431168347817,-0.27481913566589355,-0.3146351237385006,descargas_atitlan\openEO_2025-03-04Z.tif,ciano_outputs\descargas_atitlan_fechas\openEO_2025-03-04Z_chl.tif
Atitlán,2025-03-09,4.483612537384033,0.16642089188098907,-0.0262931939214468,0.41309934854507446,0.6436788439750671,0.45937709963830414,-0.6650343537330627,-0.3765508697159553,0.7694963812828064,0.3525920540632646,descargas_atitlan\openEO_2025-03-09Z.tif,ciano_outputs\descargas_atitlan_fechas\openEO_2025-03-09Z_chl.tif
Atitlán,2025-03-14,4.6413397789001465,0.13487640023231506,-0.03267505764961243,0.40469861030578613,0.914223313331604,0.7844213727398083,-0.9009475111961365,-0.5073551080564815,0.9193058013916016,0.5235472923561564,descargas_atitlan\openEO_2025-03-14Z.tif,ciano_outputs\descargas_atitlan_fechas\openEO_2025-03-14Z_chl.tif
Atitlán,2025-03-24,0.21938388049602509,0.12682180106639862,-0.013974246568977833,0.3507985770702362,0.022611910477280617,0.03723633576578656,0.0890369862318039,0.08504423928624127,-0.19317923486232758,-0.22608171670613178,descargas_atitlan\openEO_2025-03-24Z.tif,ciano_outputs\descargas_atitlan_fechas\openEO_2025-03-24Z_chl.tif
Atitlán,2025-03-26,0.16584976017475128,0.033827535808086395,0.06594563275575638,0.28924721479415894,0.14075365662574768,0.23145502494313785,-0.015218169428408146,-0.1543033499620919,-0.1471744030714035,-0.3086066999241838,descargas_atitlan\openEO_2025-03-26Z.tif,ciano_outputs\descargas_atitlan_fechas\openEO_2025-03-26Z_chl.tif
Atitlán,2025-03-29,3.660172939300537,-0.0408623181283474,0.17589832842350006,0.09346431493759155,0.1404264271259308,0.5218214812618558,-0.0752677172422409,-0.40848320450294956,-0.03955180197954178,0.31631071745043715,descargas_atitlan_fechas\openEO_2025-03-29Z.tif,ciano_outputs\descargas_atitlan_fechas\openEO_2025-03-29Z_chl.tif
Atitlán,2025-04-03,0.1439172625541687,0.11465145647525787,0.011287706904113293,0.300273060798645,-0.09729411453008652,-0.07189281040783084,0.31933367252349854,0.25085705664229174,-0.3396453261375427,-0.30416070006136514,descargas_atitlan\openEO_2025-04-03Z.tif,ciano_outputs\descargas_atitlan_fechas\openEO_2025-04-03Z_chl.tif
Atitlán,2025-04-13,2.4353575706481934,0.06960593163967133,-0.00759417749941349,0.36664798855781555,0.814693808555603,0.28965540864012135,-0.6604270339012146,-0.32541533563272895,0.6804200410842896,0.19310360576008093,descargas_atitlan\openEO_2025-04-13Z.tif,ciano_outputs\descargas_atitlan_fechas\openEO_2025-04-13Z_chl.tif
Atitlán,2025-04-15,3.184901237487793,0.1639915108680725,-0.10660277307033539,0.4857199490070343,,,,,,,descargas_atitlan\openEO_2025-04-15Z.tif,ciano_outputs\descargas_atitlan_fechas\openEO_2025-04-15Z_chl.tif
Atitlán,2025-05-03,1.7882367372512817,0.1351388543844223,-0.03147239610552788,0.3969781696796417,0.6988133192062378,0.47742959429033605,-0.7331812977790833,-0.49550671212688696,0.8083277940750122,0.4065737484845694,descargas_atitlan\openEO_2025-05-03Z.tif,ciano_outputs\descargas_atitlan_fechas\openEO_2025-05-03Z_chl.tif
Atitlán,2025-05-08,3.557370901107788,0.14057880640029907,-0.022343840450048447,0.3516051173210144,0.174748495221138,0.3477249616835112,-0.17671604454517365,-0.32048302511193694,-0.13768979907035828,-0.033974056918672696,descargas_atitlan_fechas\openEO_2025-05-08Z.tif,ciano_outputs\descargas_atitlan_fechas\openEO_2025-05-08Z_chl.tif
Atitlán,2025-05-13,2.7150497436523438,0.07859465479850769,0.0006557703018188477,0.36618679761886597,0.5648981332778931,0.3681282025674069,-0.44634613394737244,-0.1807889393391536,0.5163048505783081,0.2456371458412413,descargas_atitlan\openEO_2025-05-13Z.tif,ciano_outputs\descargas_atitlan_fechas\openEO_2025-05-13Z_chl.tif
Atitlán,2025-05-25,0.8180577158927917,0.27837085723876953,-0.07271544635295868,0.4165663719177246,0.08351773768663406,0.016484261569066547,-0.05185852572321892,-0.06466084504429723,-0.10781337320804596,-0.12483437367958555,descargas_atitlan_fechas\openEO_2025-05-25Z.tif,ciano_outputs\descargas_atitlan_fechas\openEO_2025-05-25Z_chl.tif
Atitlán,2025-05-28,2.706538438796997,0.05638068541884422,0.04914175719022751,0.29443326592445374,0.0900268480181694,0.07045053965461635,0.10971905291080475,0.09786781920129402,-0.18075205385684967,-0.21494223578010593,descargas_atitlan\openEO_2025-05-28Z.tif,ciano_outputs\descargas_atitlan_fechas\openEO_2025-05-28Z_chl.tif
Atitlán,2025-07-02,1.203719139099121,0.33319002389907837,-0.08787350356578827,0.44566553831100464,0.35321930050849915,0.34473284943196764,-0.09120291471481323,-0.14665848253913952,0.04134903848171234,0.06367314490623655,descargas_atitlan_fechas\openEO_2025-07-02Z.tif,ciano_outputs\descargas_atitlan_fechas\openEO_2025-07-02Z_chl.tif
Atitlán,2025-07-12,9.960592269897461,0.29566267132759094,-0.12588085234165192,0.4431629776954651,0.7579546570777893,0.54549831135677,-0.8571306467056274,-0.5092058700117609,0.784700870513916,0.48131321279213996,descargas_atitlan_fechas\openEO_2025-07-12Z.tif,ciano_outputs\descargas_atitlan_fechas\openEO_2025-07-12Z_chl.tif
Atitlán,2025-07-22,2.9785726070404053,0.2303461730480194,-0.06644871085882187,0.37160319089889526,0.6667002439498901,0.3662926653325547,-0.816186249256134,-0.3169121560764721,0.7273515462875366,0.2732213257885825,descargas_atitlan_fechas\openEO_2025-07-22Z.tif,ciano_outputs\descargas_atitlan_fechas\openEO_2025-07-22Z_chl.tif
Atitlán,2025-07-24,23.686534881591797,0.3575192987918854,-0.19062457978725433,0.5792730450630188,0.7549237608909607,0.729353973929087,-0.7987717390060425,-0.7517346716962297,0.8505427241325378,0.7513181588894788,descargas_atitlan\openEO_2025-07-24Z.tif,ciano_outputs\descargas_atitlan_fechas\openEO_2025-07-24Z_chl.tif
Atitlán,2025-08-01,33.930362701416016,0.2189347892999649,-0.08536716550588608,0.4592049717903137,0.9315491914749146,0.7349424728323954,-0.8752546310424805,-0.7121299801423057,0.8966403603553772,0.7151716458343175,descargas_atitlan\openEO_2025-08-01Z.tif,ciano_outputs\descargas_atitlan_fechas\openEO_2025-08-01Z_chl.tif
